{"cameraMode":{"drawMode":0,"name":"Shaded","section":"Shading Mode"},"sceneLighting":true,"audioPlay":false,"sceneViewState":{"showFog":true,"showMaterialUpdate":false,"showSkybox":true,"showFlares":true,"showImageEffects":true,"showParticleSystems":true,"showVisualEffectGraphs":true,"m_FxEnabled":false},"in2DMode":false,"pivot":{"x":-4.672927379608154,"y":1.5829298496246338,"z":-23.12086296081543},"rotation":{"x":0.000060072496125940233,"y":0.9994407892227173,"z":-0.03330361843109131,"w":0.0017993564251810313},"size":8.442188262939454,"orthographic":false}