{"cameraMode":{"drawMode":0,"name":"Shaded","section":"Shading Mode"},"sceneLighting":true,"audioPlay":false,"sceneViewState":{"showFog":true,"showMaterialUpdate":false,"showSkybox":true,"showFlares":true,"showImageEffects":true,"showParticleSystems":true,"showVisualEffectGraphs":true,"m_FxEnabled":false},"in2DMode":false,"pivot":{"x":20.588592529296876,"y":-1.2180442810058594,"z":224.8265380859375},"rotation":{"x":-0.21047323942184449,"y":-0.28078606724739077,"z":0.061144616454839709,"w":-0.9351319670677185},"size":103.5262680053711,"orthographic":false}