{"cameraMode":{"drawMode":0,"name":"Shaded","section":"Shading Mode"},"sceneLighting":true,"audioPlay":false,"sceneViewState":{"showFog":true,"showMaterialUpdate":false,"showSkybox":true,"showFlares":true,"showImageEffects":true,"showParticleSystems":true,"showVisualEffectGraphs":true,"m_FxEnabled":false},"in2DMode":false,"pivot":{"x":148.67945861816407,"y":465.9254150390625,"z":-17.020233154296876},"rotation":{"x":0.10660066455602646,"y":-0.02366359904408455,"z":0.004677873570472002,"w":0.9947248697280884},"size":288.5281982421875,"orthographic":false}