{"cameraMode":{"drawMode":0,"name":"Shaded","section":"Shading Mode"},"sceneLighting":true,"audioPlay":false,"sceneViewState":{"showFog":true,"showMaterialUpdate":false,"showSkybox":true,"showFlares":true,"showImageEffects":true,"showParticleSystems":true,"showVisualEffectGraphs":true,"m_FxEnabled":false},"in2DMode":false,"pivot":{"x":162.08441162109376,"y":179.5122528076172,"z":203.63072204589845},"rotation":{"x":0.02547389455139637,"y":-0.9704117178916931,"z":0.2043476402759552,"w":0.12967586517333985},"size":13.706080436706543,"orthographic":false}