{"cameraMode":{"drawMode":0,"name":"Shaded","section":"Shading Mode"},"sceneLighting":true,"audioPlay":false,"sceneViewState":{"showFog":true,"showMaterialUpdate":false,"showSkybox":true,"showFlares":true,"showImageEffects":true,"showParticleSystems":true,"showVisualEffectGraphs":true,"m_FxEnabled":false},"in2DMode":false,"pivot":{"x":507.658935546875,"y":249.4450225830078,"z":90.39459228515625},"rotation":{"x":-0.042334336787462237,"y":-0.007433610502630472,"z":-0.000028844087864854373,"w":-0.9998696446418762},"size":382.6158752441406,"orthographic":false}