{"cameraMode":{"drawMode":0,"name":"Shaded","section":"Shading Mode"},"sceneLighting":true,"audioPlay":false,"sceneViewState":{"showFog":true,"showMaterialUpdate":false,"showSkybox":true,"showFlares":true,"showImageEffects":true,"showParticleSystems":true,"showVisualEffectGraphs":true,"m_FxEnabled":false},"in2DMode":false,"pivot":{"x":2.348109483718872,"y":15.027175903320313,"z":-7.444934844970703},"rotation":{"x":-0.0013253215001896024,"y":0.9719857573509216,"z":-0.23666030168533326,"w":-0.013460763730108738},"size":8.04344367980957,"orthographic":false}