{"cameraMode":{"drawMode":0,"name":"Shaded","section":"Shading Mode"},"sceneLighting":true,"audioPlay":false,"sceneViewState":{"showFog":true,"showMaterialUpdate":false,"showSkybox":true,"showFlares":true,"showImageEffects":true,"showParticleSystems":true,"showVisualEffectGraphs":true,"m_FxEnabled":false},"in2DMode":false,"pivot":{"x":369.0191650390625,"y":353.0123596191406,"z":101.24627685546875},"rotation":{"x":-0.042334336787462237,"y":-0.007433610502630472,"z":-0.000028844087864854373,"w":-0.9998696446418762},"size":558.2408447265625,"orthographic":false}